<values>
        <rowValues>
                <value><![CDATA[<provisionGroupList xmlns="http://schemas.microsoft.com/2006/09/sip/provisiongrouplist-notification">
	<provisionGroup name="ServerConfiguration" >
		<absWebServiceEnabled>true</absWebServiceEnabled>
		<lisInternalUrl>https://pool01.adprod.bmc.com:443/locationinformation/liservice.svc</lisInternalUrl>
		<absInternalServerUrl>https://pool01.adprod.bmc.com:443/abs/handler</absInternalServerUrl>
		<absExternalServerUrl>https://pool01web.bmc.com:443/abs/handler</absExternalServerUrl>
		<abwqInternalUrl>https://pool01.adprod.bmc.com:443/groupexpansion/service.svc</abwqInternalUrl>
		<abwqExternalUrl>https://pool01web.bmc.com:443/groupexpansion/service.svc</abwqExternalUrl>
		<dlxInternalUrl>https://pool01.adprod.bmc.com:443/groupexpansion/service.svc</dlxInternalUrl>
		<dlxExternalUrl>https://pool01web.bmc.com:443/groupexpansion/service.svc</dlxExternalUrl>
		<dlxEnabled>true</dlxEnabled>
		<updatesServerInternalUrl>https://pool01.adprod.bmc.com:443/RequestHandler/ucdevice.upx</updatesServerInternalUrl>
		<updatesServerExternalUrl>https://pool01web.bmc.com:443/RequestHandlerExt/ucdevice.upx</updatesServerExternalUrl>
		<updatesServerEnabled>true</updatesServerEnabled>
		<ucPortRangeEnabled>true</ucPortRangeEnabled>
		<ucMinMediaPort>5350</ucMinMediaPort>
		<ucMaxMediaPort>5389</ucMaxMediaPort>
		<ucMinSipDynamicPort>7100</ucMinSipDynamicPort>
		<ucMaxSipDynamicPort>7102</ucMaxSipDynamicPort>
		<ucMinAudioPort>50020</ucMinAudioPort>
		<ucMaxAudioPort>50039</ucMaxAudioPort>
		<ucMinVideoPort>58000</ucMinVideoPort>
		<ucMaxVideoPort>58019</ucMaxVideoPort>
		<ucMinAppSharingPort>42000</ucMinAppSharingPort>
		<ucMaxAppSharingPort>42019</ucMaxAppSharingPort>
		<ucMinFileTransferPort>5350</ucMinFileTransferPort>
		<ucMaxFileTransferPort>5389</ucMaxFileTransferPort>
		<ucPC2PCAVEncryption>SupportEncryption</ucPC2PCAVEncryption>
		<ucMaxVideoRateAllowed>VGA-600K</ucMaxVideoRateAllowed>
		<qosEnabled>false</qosEnabled>
		<ucDiffServVoice>40</ucDiffServVoice>
		<ucEnforcePinLock>true</ucEnforcePinLock>
		<ucMinPinLength>6</ucMinPinLength>
		<ucPhoneTimeOut>10</ucPhoneTimeOut>
		<ucExchangeMWIPoll>3</ucExchangeMWIPoll>
		<ucEnableSIPSecurityMode>High</ucEnableSIPSecurityMode>
		<ucEnableUserLogging>false</ucEnableUserLogging>
		<loggingLevel>Off</loggingLevel>
		<enableBWPolicyCheck>false</enableBWPolicyCheck>
		<poolUri>sip:pool01.adprod.bmc.com@bmc.com;gruu;opaque=srvr:HomeServer:g_cdo0Q4-lCbWj6N_sFP7QAA</poolUri>
		<mrasUri>sip:phxedge.adprod.bmc.com@bmc.com;gruu;opaque=srvr:MRAS:sN_RlnYN-Velx_2nwieF9QAA</mrasUri>
		<qosUri>sip:pool01.adprod.bmc.com@bmc.com;gruu;opaque=srvr:HomeServer:g_cdo0Q4-lCbWj6N_sFP7QAA</qosUri>
		<callParkServerUri>sip:pool01.adprod.bmc.com@bmc.com;gruu;opaque=srvr:Microsoft.Rtc.Applications.Cps:RbVseIHF51CfpmpzzpQp0AAA</callParkServerUri>
		<responseGroupServiceInternalURL>https://pool01.adprod.bmc.com:443/RgsClients/AgentService.svc</responseGroupServiceInternalURL>
		<responseGroupServiceExternalURL>https://pool01web.bmc.com:443/RgsClients/AgentService.svc</responseGroupServiceExternalURL>
		<responseGroupServiceInternalAgentURL>https://pool01.adprod.bmc.com:443/RgsClients/Tab.aspx</responseGroupServiceInternalAgentURL>
		<responseGroupServiceExternalAgentURL>https://pool01web.bmc.com:443/RgsClients/Tab.aspx</responseGroupServiceExternalAgentURL>
		<botSipUriForTestCall>sip:pool01.adprod.bmc.com@bmc.com;gruu;opaque=srvr:Microsoft.Rtc.Applications.TestBot:SzRlv3cqulafAKLOSVUMjAAA</botSipUriForTestCall>
		<cwaInternalUri>https://dialin.BMC.COM</cwaInternalUri>
		<cwaExternalUri>https://dialin.BMC.COM</cwaExternalUri>
		<requireFIPSCompliantMedia>false</requireFIPSCompliantMedia>
		<ucLocationProfile>DefaultProfile</ucLocationProfile>
		<focusFactoryUri>sip:1.316A_Houston@bmc.com;gruu;opaque=app:conf:focusfactory</focusFactoryUri>
		<voiceMailUri>sip:1.316A_Houston@bmc.com;opaque=app:voicemail</voiceMailUri>
	</provisionGroup>
	<provisionGroup name="endpointConfiguration" >
		<propertyEntryList >
			<property name="ShowRecentContacts" >true</property>
			<property name="ShowManagePrivacyRelationships" >false</property>
			<property name="MaxPhotoSizeKB" >30</property>
			<property name="DisableMusicOnHold" >true</property>
			<property name="EnableCallLogAutoArchiving" >true</property>
			<property name="EnableAppearOffline" >true</property>
			<property name="EnableIMAutoArchiving" >false</property>
			<property name="PhotoUsage" >AllPhotos</property>
			<property name="AbsUsage" >WebSearchOnly</property>
			<property name="HotdeskingTimeout" >300</property>
			<property name="EnableContactSync" >false</property>
			<property name="ShowSharepointPhotoEditLink" >false</property>
			<property name="EnableVOIPCallDefault" >false</property>
			<property name="MaximumDGsAllowedInContactList" >40</property>
			<property name="P2PAppSharingEncryption" >0</property>
			<property name="EnableHighPerformanceP2PAppSharing" >false</property>
			<property name="EnableHighPerformanceConferencingAppSharing" >false</property>
			<property name="TracingLevel" >Light</property>
		</propertyEntryList>
	</provisionGroup>
</provisionGroupList>]]></value>
                <value>test2</value>
                <value>test3</value>
        </rowValues>
        <rowValues>
                <value>value1</value>
                <value>value2</value>
                <value>value3</value>
        </rowValues>
</values>
